{"errors":[],"warnings":[],"namedChunkGroups":{"app":{"chunks":[7,2],"assets":["webpack-runtime-b3f204b345b7afffd40c.js","webpack-runtime-b3f204b345b7afffd40c.js.map","app-a3635a6b58030e24ae55.js","app-a3635a6b58030e24ae55.js.map"],"children":{},"childAssets":{}},"component---node-modules-gatsby-plugin-offline-app-shell-js":{"chunks":[3],"assets":["component---node-modules-gatsby-plugin-offline-app-shell-js-7ad988e6d61a03b02529.js","component---node-modules-gatsby-plugin-offline-app-shell-js-7ad988e6d61a03b02529.js.map"],"children":{},"childAssets":{}},"component---src-templates-doc-js":{"chunks":[0,8,1,6],"assets":["0-c4229e88f8e50551aa2f.js","0-c4229e88f8e50551aa2f.js.map","8-a177d3ef55f26ebe6289.js","8-a177d3ef55f26ebe6289.js.map","1.57895781c259b8ada8ac.css","1-5f0e4003e446b42d353c.js","1-5f0e4003e446b42d353c.js.map","component---src-templates-doc-js-513f47fce066115e6e87.js","component---src-templates-doc-js-513f47fce066115e6e87.js.map"],"children":{},"childAssets":{}},"component---src-pages-404-js":{"chunks":[0,1,4],"assets":["0-c4229e88f8e50551aa2f.js","0-c4229e88f8e50551aa2f.js.map","1.57895781c259b8ada8ac.css","1-5f0e4003e446b42d353c.js","1-5f0e4003e446b42d353c.js.map","component---src-pages-404-js-9fe831d1a51cfa2853bf.js","component---src-pages-404-js-9fe831d1a51cfa2853bf.js.map"],"children":{},"childAssets":{}},"component---src-pages-index-js":{"chunks":[0,1,5],"assets":["0-c4229e88f8e50551aa2f.js","0-c4229e88f8e50551aa2f.js.map","1.57895781c259b8ada8ac.css","1-5f0e4003e446b42d353c.js","1-5f0e4003e446b42d353c.js.map","component---src-pages-index-js-c83158f18bf6faf765d7.js","component---src-pages-index-js-c83158f18bf6faf765d7.js.map"],"children":{},"childAssets":{}}},"assetsByChunkName":{"app":["webpack-runtime-b3f204b345b7afffd40c.js","app-a3635a6b58030e24ae55.js"],"component---node-modules-gatsby-plugin-offline-app-shell-js":["component---node-modules-gatsby-plugin-offline-app-shell-js-7ad988e6d61a03b02529.js"],"component---src-templates-doc-js":["0-c4229e88f8e50551aa2f.js","8-a177d3ef55f26ebe6289.js","1.57895781c259b8ada8ac.css","1-5f0e4003e446b42d353c.js","component---src-templates-doc-js-513f47fce066115e6e87.js"],"component---src-pages-404-js":["0-c4229e88f8e50551aa2f.js","1.57895781c259b8ada8ac.css","1-5f0e4003e446b42d353c.js","component---src-pages-404-js-9fe831d1a51cfa2853bf.js"],"component---src-pages-index-js":["0-c4229e88f8e50551aa2f.js","1.57895781c259b8ada8ac.css","1-5f0e4003e446b42d353c.js","component---src-pages-index-js-c83158f18bf6faf765d7.js"]}}